"Title","City","State","Group","Ideology","Headquarters","Statewide","Year"
"American Border Patrol","Sierra Vista","Arizona","American Border Patrol/American Patrol","Anti-Immigrant","Yes","","2019"
"American Immigration Control Foundation/Americans for Immigration Control","Monterey","Virginia","","Anti-Immigrant","Yes","","2019"
"Americans for Legal Immigration (ALIPAC)","Raleigh","North Carolina","","Anti-Immigrant","Yes","","2019"
"AZ Patriots","","Arizona","","Anti-Immigrant","Yes","Yes","2019"
"Californians for Population Stabilization","Ventura","California","","Anti-Immigrant","","","2019"
"Center for Immigration Studies","Washington","District of Columbia","Center for Immigration Studies","Anti-Immigrant","Yes","","2019"
"Colorado Alliance for Immigration Reform","Lakewood","Colorado","","Anti-Immigrant","Yes","","2019"
"Federation for American Immigration Reform","Washington","District of Columbia","Federation for American Immigration Reform","Anti-Immigrant","Yes","","2019"
"Floridians for Immigration Enforcement","Pompano Beach","Florida","","Anti-Immigrant","","","2019"
"Help Save Maryland","Monkton","Maryland","","Anti-Immigrant","Yes","","2019"
"Immigration Reform Law Institute","Washington","District of Columbia","","Anti-Immigrant","Yes","","2019"
"Legal Immigrants for America","Winter Springs","Florida","","Anti-Immigrant","Yes","","2019"
"Mountain Minutemen","Tecate","California","","Anti-Immigrant","Yes","","2019"
"Oregonians for Immigration Reform","Salem","Oregon","","Anti-Immigrant","Yes","","2019"
"ProEnglish","Arlington","Virginia","","Anti-Immigrant","Yes","","2019"
"Respect Washington","Burien","Washington","","Anti-Immigrant","Yes","","2019"
"San Diegans for Secure Borders","San Diego","California","","Anti-Immigrant","Yes","","2019"
"Texans for Immigration Reduction and Enforcement","Houston","Texas","","Anti-Immigrant","Yes","","2019"
"The Dustin Inman Society","Marietta","Georgia","Dustin Inman Society","Anti-Immigrant","Yes","","2019"
"The Remembrance Project","Houston","Texas","","Anti-Immigrant","Yes","","2019"
"All Scripture Baptist Church","Knoxville","Tennessee","","Anti-LGBTQ","Yes","","2019"
"Alliance Defending Freedom","Scottsdale","Arizona","Alliance Defending Freedom","Anti-LGBTQ","","","2019"
"American College of Pediatricians","Gainesville","Florida","American College of Pediatricians","Anti-LGBTQ","","","2019"
"American Family Association","Tupelo","Mississippi","American Family Association","Anti-LGBTQ","Yes","","2019"
"American Family Association","Franklin","Pennsylvania","American Family Association","Anti-LGBTQ","","","2019"
"American Vision","Powder Springs","Georgia","","Anti-LGBTQ","","","2019"
"Americans for Truth About Homosexuality","Naperville","Illinois","","Anti-LGBTQ","Yes","","2019"
"ATLAH Media Network","New York","New York","","Anti-LGBTQ","","","2019"
"Bible Believers Fellowship","Worthington","Ohio","","Anti-LGBTQ","Yes","","2019"
"Center for Family and Human Rights (C-FAM)","New York","New York","","Anti-LGBTQ","Yes","","2019"
"Chalcedon Foundation","Vallecito","California","","Anti-LGBTQ","","","2019"
"Church Militant/St. Michael's Media","Ferndale","Michigan","","Anti-LGBTQ","Yes","","2019"
"Concerned Christian Citizens","Temple","Texas","","Anti-LGBTQ","Yes","","2019"
"D. James Kennedy Ministries","Fort Lauderdale","Florida","","Anti-LGBTQ","","","2019"
"Faith Baptist Church","Violet","Louisiana","","Anti-LGBTQ","Yes","","2019"
"Faith Baptist Church","Baton Rouge","Louisiana","","Anti-LGBTQ","","","2019"
"Faith2Action","North Royalton","Ohio","","Anti-LGBTQ","Yes","","2019"
"Faithful Word Baptist Church","Tempe","Arizona","","Anti-LGBTQ","Yes","","2019"
"Faithful Word Baptist Church","Tucson","Arizona","","Anti-LGBTQ","","","2019"
"Family Research Council","Washington","District of Columbia","Family Research Council","Anti-LGBTQ","","","2019"
"Family Research Institute","Colorado Springs","Colorado","","Anti-LGBTQ","","","2019"
"Family Watch International","Gilbert","Arizona","Family Watch International","Anti-LGBTQ","","","2019"
"First Works Baptist Church","El Monte","California","","Anti-LGBTQ","Yes","","2019"
"Generations","Elizabeth","Colorado","","Anti-LGBTQ","","","2019"
"Heterosexuals Organized for a Moral Environment (H.O.M.E.)","Downers Grove","Illinois","","Anti-LGBTQ","","","2019"
"Illinois Family Institute","Carol Stream","Illinois","","Anti-LGBTQ","","","2019"
"Liberty Baptist Church","Rock Falls","Illinois","","Anti-LGBTQ","Yes","","2019"
"Liberty Counsel","Orlando","Florida","Liberty Counsel","Anti-LGBTQ","","","2019"
"Mass Resistance","Waltham","Massachusetts","","Anti-LGBTQ","Yes","","2019"
"Mass Resistance","Austin","Texas","","Anti-LGBTQ","","","2019"
"Mass Resistance","Dallas","Texas","","Anti-LGBTQ","","","2019"
"Mass Resistance","Denver","Colorado","","Anti-LGBTQ","","","2019"
"Mass Resistance","Detroit","Michigan","","Anti-LGBTQ","","","2019"
"Mass Resistance","Fort Worth","Texas","","Anti-LGBTQ","","","2019"
"Mass Resistance","Houston","Texas","","Anti-LGBTQ","","","2019"
"Mass Resistance","Las Vegas","Nevada","","Anti-LGBTQ","","","2019"
"Mass Resistance","Lexington Park","Maryland","","Anti-LGBTQ","","","2019"
"Mass Resistance","San Diego","California","","Anti-LGBTQ","","","2019"
"Mass Resistance","Seattle","Washington","","Anti-LGBTQ","","","2019"
"Mass Resistance","Torrance","California","","Anti-LGBTQ","","","2019"
"Mission: America","Columbus","Ohio","","Anti-LGBTQ","Yes","","2019"
"Pacific Justice Institute","Sacramento","California","Pacific Justice Institute","Anti-LGBTQ","Yes","","2019"
"Pacific Justice Institute","Salem","Oregon","Pacific Justice Institute","Anti-LGBTQ","","","2019"
"Pacific Justice Institute","San Jose","California","Pacific Justice Institute","Anti-LGBTQ","","","2019"
"Pacific Justice Institute","Santa Ana","California","Pacific Justice Institute","Anti-LGBTQ","","","2019"
"Pacific Justice Institute","Seattle","Washington","Pacific Justice Institute","Anti-LGBTQ","","","2019"
"Pass the Salt Ministries","Hebron","Ohio","","Anti-LGBTQ","","","2019"
"Pilgrims Covenant Church","Monroe","Wisconsin","","Anti-LGBTQ","","","2019"
"Probe Ministries","Plano","Texas","","Anti-LGBTQ","","","2019"
"Public Advocate of the United States","Merrifield","Virginia","","Anti-LGBTQ","Yes","","2019"
"Revival Baptist Church","Clermont","Florida","","Anti-LGBTQ","Yes","","2019"
"Ruth Institute","Lake Charles","Louisiana","Ruth Institute","Anti-LGBTQ","","","2019"
"Save California","Sacramento","California","","Anti-LGBTQ","","","2019"
"Scott Lively Ministries","Springfield","Massachusetts","","Anti-LGBTQ","Yes","","2019"
"Stedfast Baptist Church","Fort Worth","Texas","","Anti-LGBTQ","Yes","","2019"
"Stedfast Baptist Church","Jacksonville","Florida","","Anti-LGBTQ","","","2019"
"Stedfast Baptist Church","Oklahoma City","Oklahoma","","Anti-LGBTQ","","","2019"
"Strong Hold Baptist Church","Norcross","Georgia","","Anti-LGBTQ","Yes","","2019"
"Sure Foundation Baptist Church","Vancouver","Washington","","Anti-LGBTQ","Yes","","2019"
"Sure Foundation Baptist Church","Kailua","Hawaii","","Anti-LGBTQ","","","2019"
"Sure Foundation Baptist Church","Spokane","Washington","","Anti-LGBTQ","","","2019"
"The Campus Ministry USA","Terre Haute","Indiana","","Anti-LGBTQ","Yes","","2019"
"The Pray in Jesus Name Project","Colorado Springs","Colorado","","Anti-LGBTQ","","","2019"
"Tom Brown Ministries","El Paso","Texas","","Anti-LGBTQ","","","2019"
"True Light Pentecost Church","Spartanburg","South Carolina","","Anti-LGBTQ","","","2019"
"United Families International","Gilbert","Arizona","","Anti-LGBTQ","","","2019"
"Verity Baptist Church","Sacramento","California","","Anti-LGBTQ","","","2019"
"Warriors for Christ","Bristol","Tennessee","","Anti-LGBTQ","Yes","","2019"
"Westboro Baptist Church","Topeka","Kansas","Westboro Baptist Church","Anti-LGBTQ","Yes","","2019"
"World Congress of Families/International Organization for the Family","Rockford","Illinois","World Congress of Families","Anti-LGBTQ","","","2019"
"ACT for America","Washington","District of Columbia","ACT for America ","Anti-Muslim","Yes","","2019"
"ACT for America","","Connecticut","ACT for America ","Anti-Muslim","","Yes","2019"
"ACT for America","Austin","Texas","ACT for America ","Anti-Muslim","","","2019"
"ACT for America","Baton Rouge","Louisiana","ACT for America ","Anti-Muslim","","","2019"
"ACT for America","Bear","Delaware","ACT for America ","Anti-Muslim","","","2019"
"ACT for America","Charleston","West Virginia","ACT for America ","Anti-Muslim","","","2019"
"ACT for America","Cheshire","Connecticut","ACT for America ","Anti-Muslim","","","2019"
"ACT for America","Cincinnati","Ohio","ACT for America ","Anti-Muslim","","","2019"
"ACT for America","Cleveland","Ohio","ACT for America ","Anti-Muslim","","","2019"
"ACT for America","Coffee County","Tennessee","ACT for America ","Anti-Muslim","","","2019"
"ACT for America","Columbus","Ohio","ACT for America ","Anti-Muslim","","","2019"
"ACT for America","Corona","California","ACT for America ","Anti-Muslim","","","2019"
"ACT for America","Des Plaines","Illinois","ACT for America ","Anti-Muslim","","","2019"
"ACT for America","Hauppauge","New York","ACT for America ","Anti-Muslim","","","2019"
"ACT for America","Heathrow","Florida","ACT for America ","Anti-Muslim","","","2019"
"ACT for America","Hopkinton","Massachusetts","ACT for America ","Anti-Muslim","","","2019"
"ACT for America","Houston","Texas","ACT for America ","Anti-Muslim","","","2019"
"ACT for America","Jacksonville","Florida","ACT for America ","Anti-Muslim","","","2019"
"ACT for America","Jonesboro","Arkansas","ACT for America ","Anti-Muslim","","","2019"
"ACT for America","Kansas City","Missouri","ACT for America ","Anti-Muslim","","","2019"
"ACT for America","Knoxville","Tennessee","ACT for America ","Anti-Muslim","","","2019"
"ACT for America","Lafayette","Indiana","ACT for America ","Anti-Muslim","","","2019"
"ACT for America","Laguna Woods","California","ACT for America ","Anti-Muslim","","","2019"
"ACT for America","Los Angeles","California","ACT for America ","Anti-Muslim","","","2019"
"ACT for America","Metairie","Louisiana","ACT for America ","Anti-Muslim","","","2019"
"ACT for America","Mission Viejo","California","ACT for America ","Anti-Muslim","","","2019"
"ACT for America","Nashua","New Hampshire","ACT for America ","Anti-Muslim","","","2019"
"ACT for America","Oostburg","Wisconsin","ACT for America ","Anti-Muslim","","","2019"
"ACT for America","Pittsburgh","Pennsylvania","ACT for America ","Anti-Muslim","","","2019"
"ACT for America","San Fernando Valley","California","ACT for America ","Anti-Muslim","","","2019"
"ACT for America","San Gabriel Valley","California","ACT for America ","Anti-Muslim","","","2019"
"ACT for America","Santa Clarita","California","ACT for America ","Anti-Muslim","","","2019"
"ACT for America","Spokane Valley","Washington","ACT for America ","Anti-Muslim","","","2019"
"ACT for America","Terre Haute","Indiana","ACT for America ","Anti-Muslim","","","2019"
"ACT for America","Tucson","Arizona","ACT for America ","Anti-Muslim","","","2019"
"ACT for America","Viera","Florida","ACT for America ","Anti-Muslim","","","2019"
"ACT for America","Walsenburg","Colorado","ACT for America ","Anti-Muslim","","","2019"
"ACT for America","Whitehall","Montana","ACT for America ","Anti-Muslim","","","2019"
"ACT for America","Wilkes-Barre","Pennsylvania","ACT for America ","Anti-Muslim","","","2019"
"American Freedom Alliance","Encino","California","","Anti-Muslim","Yes","","2019"
"American Freedom Defense Initiative","New York","New York","","Anti-Muslim","Yes","","2019"
"American Freedom Law Center","Ann Arbor","Michigan","","Anti-Muslim","Yes","","2019"
"American Public Policy Alliance","Washington","District of Columbia","","Anti-Muslim","Yes","","2019"
"Bomb Islam","Phoenix","Arizona","","Anti-Muslim","Yes","","2019"
"Bureau on American Islamic Relations","Irving","Texas","","Anti-Muslim","Yes","","2019"
"Center for Security Policy","Washington","District of Columbia","Center for Security Policy","Anti-Muslim","Yes","","2019"
"Christian Action Network","Forest","Virginia","","Anti-Muslim","Yes","","2019"
"Citizens for National Security","Boca Raton","Florida","","Anti-Muslim","Yes","","2019"
"Clarion Project","Washington","District of Columbia","","Anti-Muslim","Yes","","2019"
"Concerned Community Citizens","St. Cloud","Minnesota","","Anti-Muslim","Yes","","2019"
"Counter Jihad Coalition","Santa Monica","California","","Anti-Muslim","Yes","","2019"
"Cultures In Context Incorporated/Turning Point Project","Immokalee","Florida","","Anti-Muslim","Yes","","2019"
"David Horowitz Freedom Center","Sherman Oaks","California","","Anti-Muslim","Yes","","2019"
"Florida Family Association","Tampa","Florida","","Anti-Muslim","Yes","","2019"
"Fortress of Faith","Bellingham","Washington","","Anti-Muslim","Yes","","2019"
"Foundation for Advocating Christian Truth","Bronx","New York","","Anti-Muslim","Yes","","2019"
"G416 Patriots","Boerne","Texas","","Anti-Muslim","Yes","","2019"
"G416 Patriots","Meridian","Idaho","","Anti-Muslim","","","2019"
"Glasov Gang Productions","Los Angeles","California","","Anti-Muslim","Yes","","2019"
"Global Faith Institute","Omaha","Nebraska","","Anti-Muslim","Yes","","2019"
"Jihad Watch","Sherman Oaks","California","","Anti-Muslim","Yes","","2019"
"Last Chance Patriots","Dayton","Montana","","Anti-Muslim","Yes","","2019"
"Political Islam","Nashville","Tennessee","","Anti-Muslim","Yes","","2019"
"Proclaiming Justice to the Nations","Franklin","Tennessee","","Anti-Muslim","Yes","","2019"
"Radio Jihad/Global Patriot Radio","","New York","","Anti-Muslim","Yes","Yes","2019"
"Refugee Resettlement Watch","Fairplay","Maryland","","Anti-Muslim","Yes","","2019"
"Rise Align Ignite Reclaim","Fishkill","New York","","Anti-Muslim","Yes","","2019"
"Sea Jay Foundation","Highlands Ranch","Colorado","","Anti-Muslim","Yes","","2019"
"Sharia Crime Stoppers","Mount Clemens","Michigan","","Anti-Muslim","Yes","","2019"
"Soldiers of Odin","","Nevada","","Anti-Muslim","","Yes","2019"
"Soldiers of Odin","","Idaho","","Anti-Muslim","","Yes","2019"
"Soldiers of Odin","","California","","Anti-Muslim","","Yes","2019"
"Soldiers of Odin","","Illinois","","Anti-Muslim","","Yes","2019"
"Southeast Michigan Tea Party","Utica","Michigan","","Anti-Muslim","Yes","","2019"
"Sunshine on Government (SONG) Alliance","Covington","Georgia","","Anti-Muslim","Yes","","2019"
"The Shoebat Foundation","Newtown","Pennsylvania","","Anti-Muslim","Yes","","2019"
"The Straight Way and More","Marble Hill","Missouri","","Anti-Muslim","Yes","","2019"
"The United West","Lake Worth","Florida","","Anti-Muslim","Yes","","2019"
"Thomas More Law Center","Ann Arbor","Michigan","","Anti-Muslim","Yes","","2019"
"Truth in Love Project","Chattaroy","Washington","","Anti-Muslim","Yes","","2019"
"Truth in Textbooks","Boerne","Texas","","Anti-Muslim","Yes","","2019"
"Unconstrained Analytics","Washington","District of Columbia","","Anti-Muslim","Yes","","2019"
"Understanding the Threat","Dallas","Texas","","Anti-Muslim","Yes","","2019"
"Virginia Christian Alliance","Henrico","Virginia","","Anti-Muslim","Yes","","2019"
"Ambassadors of Christ","Brooklyn","New York","","Black Separatist","Yes","","2019"
"Army of Israel","","Missouri","","Black Separatist","Yes","Yes","2019"
"Army of Israel","Cleveland","Ohio","","Black Separatist","","","2019"
"Black Riders Liberation Party","Los Angeles","California","","Black Separatist","Yes","","2019"
"Black Riders Liberation Party","Las Vegas","Nevada","","Black Separatist","","","2019"
"Black Riders Liberation Party","New York","New York","","Black Separatist","","","2019"
"Black Riders Liberation Party","Portland","Oregon","","Black Separatist","","","2019"
"Great Millstone","New York","New York","","Black Separatist","Yes","","2019"
"Great Millstone","","Louisiana","","Black Separatist","","Yes","2019"
"Great Millstone","","Mississippi","","Black Separatist","","Yes","2019"
"Great Millstone","Atlanta","Georgia","","Black Separatist","","","2019"
"Great Millstone","Baltimore","Maryland","","Black Separatist","","","2019"
"Great Millstone","Birmingham","Alabama","","Black Separatist","","","2019"
"Great Millstone","Charlotte","North Carolina","","Black Separatist","","","2019"
"Great Millstone","Chicago","Illinois","","Black Separatist","","","2019"
"Great Millstone","Cleveland","Ohio","","Black Separatist","","","2019"
"Great Millstone","Dallas","Texas","","Black Separatist","","","2019"
"Great Millstone","Denver","Colorado","","Black Separatist","","","2019"
"Great Millstone","Des Moines","Iowa","","Black Separatist","","","2019"
"Great Millstone","Detroit","Michigan","","Black Separatist","","","2019"
"Great Millstone","Honolulu","Hawaii","","Black Separatist","","","2019"
"Great Millstone","Houston","Texas","","Black Separatist","","","2019"
"Great Millstone","Indianapolis","Indiana","","Black Separatist","","","2019"
"Great Millstone","Kansas City","Missouri","","Black Separatist","","","2019"
"Great Millstone","Las Vegas","Nevada","","Black Separatist","","","2019"
"Great Millstone","Little Rock","Arkansas","","Black Separatist","","","2019"
"Great Millstone","Los Angeles","California","","Black Separatist","","","2019"
"Great Millstone","Memphis","Tennessee","","Black Separatist","","","2019"
"Great Millstone","Miami","Florida","","Black Separatist","","","2019"
"Great Millstone","Milwaukee","Wisconsin","","Black Separatist","","","2019"
"Great Millstone","Nashville","Tennessee","","Black Separatist","","","2019"
"Great Millstone","Oakland","California","","Black Separatist","","","2019"
"Great Millstone","Omaha","Nebraska","","Black Separatist","","","2019"
"Great Millstone","San Antonio","Texas","","Black Separatist","","","2019"
"Great Millstone","St. Louis","Missouri","","Black Separatist","","","2019"
"Great Millstone","Tampa","Florida","","Black Separatist","","","2019"
"Great Millstone","Valdosta","Georgia","","Black Separatist","","","2019"
"Great Millstone","West Palm Beach","Florida","","Black Separatist","","","2019"
"House of David","Brooklyn","New York","","Black Separatist","Yes","","2019"
"House of Israel","New York","New York","","Black Separatist","Yes","","2019"
"House of Israel","Atlanta","Georgia","","Black Separatist","","","2019"
"House of Israel","Inglewood","California","","Black Separatist","","","2019"
"House of Israel","Washington","District of Columbia","","Black Separatist","","","2019"
"International Society of Indigenous Sovereigns","Atlanta","Georgia","","Black Separatist","Yes","","2019"
"Israel United In Christ","Mount Vernon","New York","","Black Separatist","Yes","","2019"
"Israel United In Christ","Atlanta","Georgia","","Black Separatist","","","2019"
"Israel United In Christ","Austin","Texas","","Black Separatist","","","2019"
"Israel United In Christ","Bakersfield","California","","Black Separatist","","","2019"
"Israel United In Christ","Birmingham","Alabama","","Black Separatist","","","2019"
"Israel United In Christ","Brockton","Massachusetts","","Black Separatist","","","2019"
"Israel United In Christ","Chicago","Illinois","","Black Separatist","","","2019"
"Israel United In Christ","Columbia","South Carolina","","Black Separatist","","","2019"
"Israel United In Christ","Concord","North Carolina","","Black Separatist","","","2019"
"Israel United In Christ","Corpus Christi","Texas","","Black Separatist","","","2019"
"Israel United In Christ","Dallas","Texas","","Black Separatist","","","2019"
"Israel United In Christ","Denver","Colorado","","Black Separatist","","","2019"
"Israel United In Christ","Detroit","Michigan","","Black Separatist","","","2019"
"Israel United In Christ","Grand Rapids","Michigan","","Black Separatist","","","2019"
"Israel United In Christ","Heath","Ohio","","Black Separatist","","","2019"
"Israel United In Christ","Honolulu","Hawaii","","Black Separatist","","","2019"
"Israel United In Christ","Houston","Texas","","Black Separatist","","","2019"
"Israel United In Christ","Jackson","Mississippi","","Black Separatist","","","2019"
"Israel United In Christ","Jacksonville","Florida","","Black Separatist","","","2019"
"Israel United In Christ","Kansas City","Kansas","","Black Separatist","","","2019"
"Israel United In Christ","Lafayette","Louisiana","","Black Separatist","","","2019"
"Israel United In Christ","Las Vegas","Nevada","","Black Separatist","","","2019"
"Israel United In Christ","Little Rock","Arkansas","","Black Separatist","","","2019"
"Israel United In Christ","Los Angeles","California","","Black Separatist","","","2019"
"Israel United In Christ","Louisville","Kentucky","","Black Separatist","","","2019"
"Israel United In Christ","Lubbock","Texas","","Black Separatist","","","2019"
"Israel United In Christ","Memphis","Tennessee","","Black Separatist","","","2019"
"Israel United In Christ","Miami","Florida","","Black Separatist","","","2019"
"Israel United In Christ","Mobile","Alabama","","Black Separatist","","","2019"
"Israel United In Christ","Nashville","Tennessee","","Black Separatist","","","2019"
"Israel United In Christ","New Orleans","Louisiana","","Black Separatist","","","2019"
"Israel United In Christ","Newark","New Jersey","","Black Separatist","","","2019"
"Israel United In Christ","Newport News","Virginia","","Black Separatist","","","2019"
"Israel United In Christ","Oklahoma City","Oklahoma","","Black Separatist","","","2019"
"Israel United In Christ","Orlando","Florida","","Black Separatist","","","2019"
"Israel United In Christ","Philadelphia","Pennsylvania","","Black Separatist","","","2019"
"Israel United In Christ","Phoenix","Arizona","","Black Separatist","","","2019"
"Israel United In Christ","Rochester","New York","","Black Separatist","","","2019"
"Israel United In Christ","Sacramento","California","","Black Separatist","","","2019"
"Israel United In Christ","San Antonio","Texas","","Black Separatist","","","2019"
"Israel United In Christ","Savannah","Georgia","","Black Separatist","","","2019"
"Israel United In Christ","Seattle","Washington","","Black Separatist","","","2019"
"Israel United In Christ","St. Louis","Missouri","","Black Separatist","","","2019"
"Israel United In Christ","Tallahassee","Florida","","Black Separatist","","","2019"
"Israel United In Christ","Tulsa","Oklahoma","","Black Separatist","","","2019"
"Israel United In Christ","Turtle Creek","Pennsylvania","","Black Separatist","","","2019"
"Israel United In Christ","Upper Marlboro","Maryland","","Black Separatist","","","2019"
"Israelite School of Universal Practical Knowledge","Upper Darby","Pennsylvania","","Black Separatist","Yes","","2019"
"Israelite School of Universal Practical Knowledge","","Mississippi","","Black Separatist","","Yes","2019"
"Israelite School of Universal Practical Knowledge","","Louisiana","","Black Separatist","","Yes","2019"
"Israelite School of Universal Practical Knowledge","Atlanta","Georgia","","Black Separatist","","","2019"
"Israelite School of Universal Practical Knowledge","Austin","Texas","","Black Separatist","","","2019"
"Israelite School of Universal Practical Knowledge","Baltimore","Maryland","","Black Separatist","","","2019"
"Israelite School of Universal Practical Knowledge","Boston","Massachusetts","","Black Separatist","","","2019"
"Israelite School of Universal Practical Knowledge","Charleston","South Carolina","","Black Separatist","","","2019"
"Israelite School of Universal Practical Knowledge","Charlotte","North Carolina","","Black Separatist","","","2019"
"Israelite School of Universal Practical Knowledge","Chicago","Illinois","","Black Separatist","","","2019"
"Israelite School of Universal Practical Knowledge","Cincinnati","Ohio","","Black Separatist","","","2019"
"Israelite School of Universal Practical Knowledge","Dallas","Texas","","Black Separatist","","","2019"
"Israelite School of Universal Practical Knowledge","Detroit","Michigan","","Black Separatist","","","2019"
"Israelite School of Universal Practical Knowledge","Durham","North Carolina","","Black Separatist","","","2019"
"Israelite School of Universal Practical Knowledge","Fayetteville","North Carolina","","Black Separatist","","","2019"
"Israelite School of Universal Practical Knowledge","Fort Worth","Texas","","Black Separatist","","","2019"
"Israelite School of Universal Practical Knowledge","Greensboro","North Carolina","","Black Separatist","","","2019"
"Israelite School of Universal Practical Knowledge","Greenville","North Carolina","","Black Separatist","","","2019"
"Israelite School of Universal Practical Knowledge","Greenville","South Carolina","","Black Separatist","","","2019"
"Israelite School of Universal Practical Knowledge","Hartford","Connecticut","","Black Separatist","","","2019"
"Israelite School of Universal Practical Knowledge","Houston","Texas","","Black Separatist","","","2019"
"Israelite School of Universal Practical Knowledge","Indianapolis","Indiana","","Black Separatist","","","2019"
"Israelite School of Universal Practical Knowledge","Jacksonville","Florida","","Black Separatist","","","2019"
"Israelite School of Universal Practical Knowledge","Kansas City","Missouri","","Black Separatist","","","2019"
"Israelite School of Universal Practical Knowledge","Los Angeles","California","","Black Separatist","","","2019"
"Israelite School of Universal Practical Knowledge","Louisville","Kentucky","","Black Separatist","","","2019"
"Israelite School of Universal Practical Knowledge","Milwaukee","Wisconsin","","Black Separatist","","","2019"
"Israelite School of Universal Practical Knowledge","Minneapolis","Minnesota","","Black Separatist","","","2019"
"Israelite School of Universal Practical Knowledge","Nashville","Tennessee","","Black Separatist","","","2019"
"Israelite School of Universal Practical Knowledge","New York","New York","","Black Separatist","","","2019"
"Israelite School of Universal Practical Knowledge","Oakland","California","","Black Separatist","","","2019"
"Israelite School of Universal Practical Knowledge","Oklahoma City","Oklahoma","","Black Separatist","","","2019"
"Israelite School of Universal Practical Knowledge","Phoenix","Arizona","","Black Separatist","","","2019"
"Israelite School of Universal Practical Knowledge","Richmond","Virginia","","Black Separatist","","","2019"
"Israelite School of Universal Practical Knowledge","St. Louis","Missouri","","Black Separatist","","","2019"
"Israelite School of Universal Practical Knowledge","Syracuse","New York","","Black Separatist","","","2019"
"Israelite School of Universal Practical Knowledge","Tampa","Florida","","Black Separatist","","","2019"
"Israelite School of Universal Practical Knowledge","Washington","District of Columbia","","Black Separatist","","","2019"
"Israelite School of Universal Practical Knowledge","Wilmington","Delaware","","Black Separatist","","","2019"
"Israelite School of Universal Practical Knowledge","Winston-Salem","North Carolina","","Black Separatist","","","2019"
"Israelite the Branches","Baltimore","Maryland","","Black Separatist","Yes","","2019"
"Israelites Saints of Christ","Richmond","Virginia","","Black Separatist","Yes","","2019"
"Israelites Saints of Christ","","New Jersey","","Black Separatist","","Yes","2019"
"Israelites Saints of Christ","","North Carolina","","Black Separatist","","Yes","2019"
"Israelites Saints of Christ","","California","","Black Separatist","","Yes","2019"
"Israelites Saints of Christ","Detroit","Michigan","","Black Separatist","","","2019"
"Israelites Saints of Christ","Huntsville","Alabama","","Black Separatist","","","2019"
"Lion of Judah - Jeshurun Lions","Chicago","Illinois","","Black Separatist","Yes","","2019"
"Lions of Israel","Mount Vernon","New York","","Black Separatist","Yes","","2019"
"Masharah Yasharahla - Government of Israel","Raleigh","North Carolina","","Black Separatist","Yes","","2019"
"Mountains of Israel","Houston","Texas","","Black Separatist","Yes","","2019"
"Nation of Islam","Chicago","Illinois","Nation of Islam","Black Separatist","Yes","","2019"
"Nation of Islam","Akron","Ohio","Nation of Islam","Black Separatist","","","2019"
"Nation of Islam","Atlanta","Georgia","Nation of Islam","Black Separatist","","","2019"
"Nation of Islam","Austin","Texas","Nation of Islam","Black Separatist","","","2019"
"Nation of Islam","Birmingham","Alabama","Nation of Islam","Black Separatist","","","2019"
"Nation of Islam","Brooklyn","New York","Nation of Islam","Black Separatist","","","2019"
"Nation of Islam","Brunswick","Georgia","Nation of Islam","Black Separatist","","","2019"
"Nation of Islam","Camden","New Jersey","Nation of Islam","Black Separatist","","","2019"
"Nation of Islam","Charlotte","North Carolina","Nation of Islam","Black Separatist","","","2019"
"Nation of Islam","Chattanooga","Tennessee","Nation of Islam","Black Separatist","","","2019"
"Nation of Islam","Cleveland","Ohio","Nation of Islam","Black Separatist","","","2019"
"Nation of Islam","Columbia","South Carolina","Nation of Islam","Black Separatist","","","2019"
"Nation of Islam","Compton","California","Nation of Islam","Black Separatist","","","2019"
"Nation of Islam","Dallas","Texas","Nation of Islam","Black Separatist","","","2019"
"Nation of Islam","Dayton","Ohio","Nation of Islam","Black Separatist","","","2019"
"Nation of Islam","Denver","Colorado","Nation of Islam","Black Separatist","","","2019"
"Nation of Islam","Detroit","Michigan","Nation of Islam","Black Separatist","","","2019"
"Nation of Islam","Dorchester","Massachusetts","Nation of Islam","Black Separatist","","","2019"
"Nation of Islam","Durham","North Carolina","Nation of Islam","Black Separatist","","","2019"
"Nation of Islam","Fort Lauderdale","Florida","Nation of Islam","Black Separatist","","","2019"
"Nation of Islam","Fort Worth","Texas","Nation of Islam","Black Separatist","","","2019"
"Nation of Islam","Grand Rapids","Michigan","Nation of Islam","Black Separatist","","","2019"
"Nation of Islam","Greensboro","North Carolina","Nation of Islam","Black Separatist","","","2019"
"Nation of Islam","Greenville","South Carolina","Nation of Islam","Black Separatist","","","2019"
"Nation of Islam","Houston","Texas","Nation of Islam","Black Separatist","","","2019"
"Nation of Islam","Indianapolis","Indiana","Nation of Islam","Black Separatist","","","2019"
"Nation of Islam","Jacksonville","Florida","Nation of Islam","Black Separatist","","","2019"
"Nation of Islam","Kansas City","Missouri","Nation of Islam","Black Separatist","","","2019"
"Nation of Islam","Lexington","Kentucky","Nation of Islam","Black Separatist","","","2019"
"Nation of Islam","Los Angeles","California","Nation of Islam","Black Separatist","","","2019"
"Nation of Islam","Louisville","Kentucky","Nation of Islam","Black Separatist","","","2019"
"Nation of Islam","Memphis","Tennessee","Nation of Islam","Black Separatist","","","2019"
"Nation of Islam","Miami","Florida","Nation of Islam","Black Separatist","","","2019"
"Nation of Islam","Milwaukee","Wisconsin","Nation of Islam","Black Separatist","","","2019"
"Nation of Islam","Mobile","Alabama","Nation of Islam","Black Separatist","","","2019"
"Nation of Islam","Monroe","Louisiana","Nation of Islam","Black Separatist","","","2019"
"Nation of Islam","Montgomery","Alabama","Nation of Islam","Black Separatist","","","2019"
"Nation of Islam","New Orleans","Louisiana","Nation of Islam","Black Separatist","","","2019"
"Nation of Islam","New York","New York","Nation of Islam","Black Separatist","","","2019"
"Nation of Islam","Newark","New Jersey","Nation of Islam","Black Separatist","","","2019"
"Nation of Islam","Norfolk","Virginia","Nation of Islam","Black Separatist","","","2019"
"Nation of Islam","North Charleston","South Carolina","Nation of Islam","Black Separatist","","","2019"
"Nation of Islam","North Little Rock","Arkansas","Nation of Islam","Black Separatist","","","2019"
"Nation of Islam","Oakland","California","Nation of Islam","Black Separatist","","","2019"
"Nation of Islam","Oklahoma City","Oklahoma","Nation of Islam","Black Separatist","","","2019"
"Nation of Islam","Pensacola","Florida","Nation of Islam","Black Separatist","","","2019"
"Nation of Islam","Philadelphia","Pennsylvania","Nation of Islam","Black Separatist","","","2019"
"Nation of Islam","Phoenix","Arizona","Nation of Islam","Black Separatist","","","2019"
"Nation of Islam","Pine Bluff","Arkansas","Nation of Islam","Black Separatist","","","2019"
"Nation of Islam","Pittsburgh","Pennsylvania","Nation of Islam","Black Separatist","","","2019"
"Nation of Islam","Plainfield","New Jersey","Nation of Islam","Black Separatist","","","2019"
"Nation of Islam","Rialto","California","Nation of Islam","Black Separatist","","","2019"
"Nation of Islam","Richmond","Virginia","Nation of Islam","Black Separatist","","","2019"
"Nation of Islam","Rochester","New York","Nation of Islam","Black Separatist","","","2019"
"Nation of Islam","Rockford","Illinois","Nation of Islam","Black Separatist","","","2019"
"Nation of Islam","San Antonio","Texas","Nation of Islam","Black Separatist","","","2019"
"Nation of Islam","San Diego","California","Nation of Islam","Black Separatist","","","2019"
"Nation of Islam","Shreveport","Louisiana","Nation of Islam","Black Separatist","","","2019"
"Nation of Islam","Springfield","Massachusetts","Nation of Islam","Black Separatist","","","2019"
"Nation of Islam","St. Louis","Missouri","Nation of Islam","Black Separatist","","","2019"
"Nation of Islam","St. Petersburg","Florida","Nation of Islam","Black Separatist","","","2019"
"Nation of Islam","Tampa","Florida","Nation of Islam","Black Separatist","","","2019"
"Nation of Islam","Toledo","Ohio","Nation of Islam","Black Separatist","","","2019"
"Nation of Islam","Trenton","New Jersey","Nation of Islam","Black Separatist","","","2019"
"Nation of Islam","Tucson","Arizona","Nation of Islam","Black Separatist","","","2019"
"Nation of Islam","Tulsa","Oklahoma","Nation of Islam","Black Separatist","","","2019"
"Nation of Islam","Washington","District of Columbia","Nation of Islam","Black Separatist","","","2019"
"Nation of Islam","Wilkinsburg","Pennsylvania","Nation of Islam","Black Separatist","","","2019"
"Nation of Islam","Willingboro","New Jersey","Nation of Islam","Black Separatist","","","2019"
"Nation of Islam","Wilmington","North Carolina","Nation of Islam","Black Separatist","","","2019"
"Nation of Islam","Wilmington","Delaware","Nation of Islam","Black Separatist","","","2019"
"Nation of Islam","Winston-Salem","North Carolina","Nation of Islam","Black Separatist","","","2019"
"Nation of Kings and Priests","Orlando","Florida","","Black Separatist","Yes","","2019"
"New Black Panther Party","Houston","Texas","New Black Panther Party","Black Separatist","Yes","","2019"
"New Black Panther Party","Atlanta","Georgia","New Black Panther Party","Black Separatist","","","2019"
"New Black Panther Party","Baton Rouge","Louisiana","New Black Panther Party","Black Separatist","","","2019"
"New Black Panther Party","Dayton","Ohio","New Black Panther Party","Black Separatist","","","2019"
"New Black Panther Party","New Orleans","Louisiana","New Black Panther Party","Black Separatist","","","2019"
"New Black Panther Party","Shreveport","Louisiana","New Black Panther Party","Black Separatist","","","2019"
"New Black Panther Party for Self Defense","Atlanta","Georgia","","Black Separatist","Yes","","2019"
"New Black Panther Party for Self Defense","Charlotte","North Carolina","","Black Separatist","","","2019"
"New Black Panther Party for Self Defense","Denver","Colorado","","Black Separatist","","","2019"
"New Black Panther Party for Self Defense","Jacksonville","Florida","","Black Separatist","","","2019"
"New Black Panther Party for Self Defense","Memphis","Tennessee","","Black Separatist","","","2019"
"New Black Panther Party for Self Defense","Seattle","Washington","","Black Separatist","","","2019"
"New Black Panther Party for Self Defense","St. Louis","Missouri","","Black Separatist","","","2019"
"New Black Panther Party for Self Defense","Tampa","Florida","","Black Separatist","","","2019"
"New Black Panther Party for Self Defense","Tupelo","Mississippi","","Black Separatist","","","2019"
"Northern Kingdom Prophets","Pueblo","Colorado","","Black Separatist","Yes","","2019"
"OneBody in Yahawashi","Dallas","Texas","","Black Separatist","Yes","","2019"
"Revolutionary Black Panther Party","Hope","Arkansas","","Black Separatist","Yes","","2019"
"Revolutionary Black Panther Party","Louisville","Kentucky","","Black Separatist","","","2019"
"Revolutionary Black Panther Party","New York","New York","","Black Separatist","","","2019"
"Revolutionary Black Panther Party","Philadelphia","Pennsylvania","","Black Separatist","","","2019"
"Sicarii 1715","San Diego","California","","Black Separatist","Yes","","2019"
"Sicarii 1715","Atlanta","Georgia","","Black Separatist","","","2019"
"Sicarii 1715","Chicago","Illinois","","Black Separatist","","","2019"
"Sicarii 1715","Dallas","Texas","","Black Separatist","","","2019"
"Sicarii 1715","Long Beach","California","","Black Separatist","","","2019"
"Sicarii 1715","Orlando","Florida","","Black Separatist","","","2019"
"Sicarii 1715","San Bernardino","California","","Black Separatist","","","2019"
"Sicarii 1715","Seattle","Washington","","Black Separatist","","","2019"
"The Israelite Church of God in Jesus Christ","Baltimore","Maryland","","Black Separatist","","","2019"
"The Israelite Church of God in Jesus Christ","Pittsburgh","Pennsylvania","","Black Separatist","","","2019"
"True Nation Israelite Congregation","Los Angeles","California","","Black Separatist","Yes","","2019"
"True Nation Israelite Congregation","Augusta","Georgia","","Black Separatist","","","2019"
"True Nation Israelite Congregation","Phoenix","Arizona","","Black Separatist","","","2019"
"Trumpet in Philly","Philadelphia","Pennsylvania","","Black Separatist","Yes","","2019"
"United Kingdom of Israel Congregation","Hampton","Virginia","","Black Separatist","Yes","","2019"
"United Kingdom of Israel Congregation","Baltimore","Maryland","","Black Separatist","","","2019"
"United Kingdom of Israel Congregation","Chicago","Illinois","","Black Separatist","","","2019"
"War On The Horizon","Washington","District of Columbia","","Black Separatist","","","2019"
"Watchmen for Israel","Baltimore","Maryland","","Black Separatist","Yes","","2019"
"Christian Revival Center","Harrison","Arkansas","","Christian Identity","","","2019"
"Christogenea","Panama City","Florida","","Christian Identity","Yes","","2019"
"Church of Israel","Schell City","Missouri","","Christian Identity","","","2019"
"Covenant People's Ministry","Brooks","Georgia","","Christian Identity","Yes","","2019"
"Divine International Church of the Web","Morton","Illinois","","Christian Identity","Yes","","2019"
"Euro Folk Radio","Chicago","Illinois","","Christian Identity","Yes","","2019"
"Fellowship of God's Covenant People","Union","Kentucky","","Christian Identity","Yes","","2019"
"Kingdom Identity Ministries","Harrison","Arkansas","Kingdom Identity Ministries ","Christian Identity","Yes","","2019"
"Our Place Fellowship","Colville","Washington","","Christian Identity","","","2019"
"Sacred Truth Publishing & Ministries","Mountain City","Tennessee","","Christian Identity","Yes","","2019"
"Scriptures for America Worldwide Ministries","Laporte","Colorado","","Christian Identity","Yes","","2019"
"A2Z Publications","Las Vegas","Nevada","","General Hate","","","2019"
"All Eyes On Egypt Bookstore","Macon","Georgia","","General Hate","Yes","","2019"
"American Free Press","Upper Marlboro","Maryland","","General Hate","Yes","","2019"
"Bill Keller Ministries","St. Petersburg","Florida","","General Hate","","","2019"
"Chick Publications","Ontario","California","","General Hate","","","2019"
"Concerned Citizens and Friends of Illegal Immigration Law Enforcement","Framingham","Massachusetts","","General Hate","","","2019"
"Dixie Giftshop","","Tennessee","","General Hate","","Yes","2019"
"European-American Evangelistic Crusades","Sheridan","California","","General Hate","","","2019"
"Fundamentalist Latter Day Saints","Pringle","South Dakota","Fundamentalist Church of Jesus Christ of Latter-Day Saints","General Hate","","","2019"
"Hell Shaking Street Preachers","Tillamook","Oregon","","General Hate","","","2019"
"Insight USA","Longwood","Florida","","General Hate","","","2019"
"Jamaat al-Muslimeen","Baltimore","Maryland","","General Hate","","","2019"
"Jewish Defense League","Brooklyn","New York","","General Hate","","","2019"
"Jewish Task Force","Fresh Meadows","New York","","General Hate","","","2019"
"Kingston Group","Salt Lake City","Utah","","General Hate","Yes","","2019"
"Last Frontier Evangelism - Repent Alaska","Anchorage","Alaska","","General Hate","","","2019"
"Lordship Church","Bonners Ferry","Idaho","","General Hate","","","2019"
"Luxor Couture","Atlanta","Georgia","","General Hate","Yes","","2019"
"Masjid al Islam - As Sabiqun","Washington","District of Columbia","","General Hate","","","2019"
"Nationalist Liberty Union","Augusta","Georgia","","General Hate","","","2019"
"Official Street Preachers","Los Angeles","California","","General Hate","","","2019"
"Ozark Craft LC","Harrison","Arkansas","","General Hate","","","2019"
"Patriot Movement AZ","Litchfield Park","Arizona","","General Hate","","","2019"
"Power of Prophecy","Austin","Texas","","General Hate","","","2019"
"Proud Boys","New York","New York","Proud Boys","General Hate","Yes","","2019"
"Proud Boys","","Connecticut","Proud Boys","General Hate","","Yes","2019"
"Proud Boys","","North Carolina","Proud Boys","General Hate","","Yes","2019"
"Proud Boys","","Texas","Proud Boys","General Hate","","Yes","2019"
"Proud Boys","","Tennessee","Proud Boys","General Hate","","Yes","2019"
"Proud Boys","","Oklahoma","Proud Boys","General Hate","","Yes","2019"
"Proud Boys","","Nevada","Proud Boys","General Hate","","Yes","2019"
"Proud Boys","","Colorado","Proud Boys","General Hate","","Yes","2019"
"Proud Boys","","Alabama","Proud Boys","General Hate","","Yes","2019"
"Proud Boys","","Minnesota","Proud Boys","General Hate","","Yes","2019"
"Proud Boys","","Arizona","Proud Boys","General Hate","","Yes","2019"
"Proud Boys","","Michigan","Proud Boys","General Hate","","Yes","2019"
"Proud Boys","","Utah","Proud Boys","General Hate","","Yes","2019"
"Proud Boys","","Massachusetts","Proud Boys","General Hate","","Yes","2019"
"Proud Boys","","Hawaii","Proud Boys","General Hate","","Yes","2019"
"Proud Boys","","Indiana","Proud Boys","General Hate","","Yes","2019"
"Proud Boys","Akron","Ohio","Proud Boys","General Hate","","","2019"
"Proud Boys","Albuquerque","New Mexico","Proud Boys","General Hate","","","2019"
"Proud Boys","Anaheim","California","Proud Boys","General Hate","","","2019"
"Proud Boys","Atlanta","Georgia","Proud Boys","General Hate","","","2019"
"Proud Boys","Austin","Texas","Proud Boys","General Hate","","","2019"
"Proud Boys","Chicago","Illinois","Proud Boys","General Hate","","","2019"
"Proud Boys","Columbus","Ohio","Proud Boys","General Hate","","","2019"
"Proud Boys","Eugene","Oregon","Proud Boys","General Hate","","","2019"
"Proud Boys","Fresno","California","Proud Boys","General Hate","","","2019"
"Proud Boys","Houston","Texas","Proud Boys","General Hate","","","2019"
"Proud Boys","Jacksonville","Florida","Proud Boys","General Hate","","","2019"
"Proud Boys","Kansas City","Missouri","Proud Boys","General Hate","","","2019"
"Proud Boys","Little Rock","Arkansas","Proud Boys","General Hate","","","2019"
"Proud Boys","Miami","Florida","Proud Boys","General Hate","","","2019"
"Proud Boys","New Orleans","Louisiana","Proud Boys","General Hate","","","2019"
"Proud Boys","Orlando","Florida","Proud Boys","General Hate","","","2019"
"Proud Boys","Philadelphia","Pennsylvania","Proud Boys","General Hate","","","2019"
"Proud Boys","Portland","Oregon","Proud Boys","General Hate","","","2019"
"Proud Boys","Richmond","Virginia","Proud Boys","General Hate","","","2019"
"Proud Boys","Sacramento","California","Proud Boys","General Hate","","","2019"
"Proud Boys","Salem","Oregon","Proud Boys","General Hate","","","2019"
"Proud Boys","San Diego","California","Proud Boys","General Hate","","","2019"
"Proud Boys","Sarasota","Florida","Proud Boys","General Hate","","","2019"
"Proud Boys","Seattle","Washington","Proud Boys","General Hate","","","2019"
"Proud Boys","Spokane","Washington","Proud Boys","General Hate","","","2019"
"Proud Boys","Tacoma","Washington","Proud Boys","General Hate","","","2019"
"Proud Boys","Tampa","Florida","Proud Boys","General Hate","","","2019"
"Proud Boys","Vancouver","Washington","Proud Boys","General Hate","","","2019"
"Reformation-Bible Puritan-Baptist Church/Vatican Assassins","Newmanstown","Pennsylvania","","General Hate","","","2019"
"Rense Radio Network","Ashland","Oregon","","General Hate","","","2019"
"Sharkhunters International","Hernando","Florida","","General Hate","","","2019"
"Sons of Liberty Media (formerly You Can Run But You Cannot Hide)","Annandale","Minnesota","","General Hate","","","2019"
"The Brother Nathanael Foundation","Priest River","Idaho","","General Hate","","","2019"
"The King Samir Black Survival Group","Los Angeles","California","","General Hate","","","2019"
"The United Nuwaupians Worldwide/All Eyes on Egipt","Brooklyn","New York","Nuwaubian Nation of Moors","General Hate","Yes","","2019"
"The United Nuwaupians Worldwide/All Eyes on Egipt","Athens","Georgia","Nuwaubian Nation of Moors","General Hate","","","2019"
"The United Nuwaupians Worldwide/All Eyes on Egipt","Charleston","South Carolina","Nuwaubian Nation of Moors","General Hate","","","2019"
"The United Nuwaupians Worldwide/All Eyes on Egipt","Charlotte","North Carolina","Nuwaubian Nation of Moors","General Hate","","","2019"
"The United Nuwaupians Worldwide/All Eyes on Egipt","Chicago","Illinois","Nuwaubian Nation of Moors","General Hate","","","2019"
"The United Nuwaupians Worldwide/All Eyes on Egipt","Cleveland","Ohio","Nuwaubian Nation of Moors","General Hate","","","2019"
"The United Nuwaupians Worldwide/All Eyes on Egipt","Detroit","Michigan","Nuwaubian Nation of Moors","General Hate","","","2019"
"The United Nuwaupians Worldwide/All Eyes on Egipt","Hartford","Connecticut","Nuwaubian Nation of Moors","General Hate","","","2019"
"The United Nuwaupians Worldwide/All Eyes on Egipt","Lithonia","Georgia","Nuwaubian Nation of Moors","General Hate","","","2019"
"The United Nuwaupians Worldwide/All Eyes on Egipt","Philadelphia","Pennsylvania","Nuwaubian Nation of Moors","General Hate","","","2019"
"The United Nuwaupians Worldwide/All Eyes on Egipt","Washington","District of Columbia","Nuwaubian Nation of Moors","General Hate","","","2019"
"Tony Alamo Christian Ministries","Canyon Country","California","","General Hate","","","2019"
"Tony Alamo Christian Ministries","New York","New York","","General Hate","","","2019"
"American Defense Records/Birthrite Services","Pittsburgh","Pennsylvania","","Hate Music","","","2019"
"BeaSSt Productions","Roanoke","Virginia","","Hate Music","","","2019"
"Elegy Records","Clifton","New Jersey","","Hate Music","","","2019"
"Hostile Class Productions","Burbank","Illinois","","Hate Music","","","2019"
"ISD Records/NS88 Video","Denison","Texas","","Hate Music","","","2019"
"Label 56","Baltimore","Maryland","","Hate Music","","","2019"
"Micetrap Distribution","Maple Shade Township","New Jersey","","Hate Music","","","2019"
"MSR Productions","Wheat Ridge","Colorado","","Hate Music","","","2019"
"NSM88 Records","Detroit","Michigan","","Hate Music","","","2019"
"Poker Face","Allentown","Pennsylvania","","Hate Music","","","2019"
"Stahlhelm Records","Milwaukee","Wisconsin","","Hate Music","Yes","","2019"
"Tightrope","Calico Rock","Arkansas","","Hate Music","","","2019"
"United Riot Records","New York","New York","","Hate Music","","","2019"
"Vanguard Productions","","New Jersey","","Hate Music","","Yes","2019"
"Vinlandic Werwolf Distribution","","California","","Hate Music","","Yes","2019"
"Barnes Review/Foundation for Economic Liberty, Inc.","Upper Marlboro","Maryland","Barnes Review/Foundation for Economic Liberty, Inc.","Holocaust Denial","Yes","","2019"
"carolynyeager.net","Kerrville","Texas","","Holocaust Denial","","","2019"
"Committee for Open Debate on the Holocaust","Mill Valley","California","","Holocaust Denial","Yes","","2019"
"Committee for Open Debate on the Holocaust","York","Pennsylvania","","Holocaust Denial","","","2019"
"Independent History & Research","Coeur d'Alene","Idaho","","Holocaust Denial","Yes","","2019"
"Institute for Historical Review","Newport Beach","California","Institute for Historical Review","Holocaust Denial","","","2019"
"The Realist Report","Poway","California","","Holocaust Denial","Yes","","2019"
"Alliance of American Klans","Cookeville","Tennessee","","Ku Klux Klan","Yes","","2019"
"Alliance of American Klans","","Mississippi","","Ku Klux Klan","","Yes","2019"
"Alliance of American Klans","Dayton","Ohio","","Ku Klux Klan","","","2019"
"American Christian Dixie Knights of the Ku Klux Klan","","Tennessee","","Ku Klux Klan","Yes","Yes","2019"
"American Christian Dixie Knights of the Ku Klux Klan","","New York","","Ku Klux Klan","","Yes","2019"
"American Christian Dixie Knights of the Ku Klux Klan","","Mississippi","","Ku Klux Klan","","Yes","2019"
"American Christian Dixie Knights of the Ku Klux Klan","","Indiana","","Ku Klux Klan","","Yes","2019"
"American Christian Dixie Knights of the Ku Klux Klan","","Illinois","","Ku Klux Klan","","Yes","2019"
"American Christian Dixie Knights of the Ku Klux Klan","","Kentucky","","Ku Klux Klan","","Yes","2019"
"American Christian Dixie Knights of the Ku Klux Klan","","Ohio","","Ku Klux Klan","","Yes","2019"
"American Christian Dixie Knights of the Ku Klux Klan","","North Carolina","","Ku Klux Klan","","Yes","2019"
"American Christian Dixie Knights of the Ku Klux Klan","","Florida","","Ku Klux Klan","","Yes","2019"
"American Christian Knights of the Ku Klux Klan","Moselle","Mississippi","","Ku Klux Klan","Yes","","2019"
"Church of the National Knights of the Ku Klux Klan","South Bend","Indiana","Church of the National Knights of the Ku Klux Klan","Ku Klux Klan","Yes","","2019"
"Church of the National Knights of the Ku Klux Klan","","Kentucky","Church of the National Knights of the Ku Klux Klan","Ku Klux Klan","","Yes","2019"
"Confederate Knights of the Ku Klux Klan","Richmond","Virginia","","Ku Klux Klan","Yes","","2019"
"East Coast Knights of the True Invisible Empire","","Pennsylvania","","Ku Klux Klan","","Yes","2019"
"Exalted Knights of the Ku Klux Klan","","Tennessee","","Ku Klux Klan","","Yes","2019"
"Honorable Sacred Knights of the Ku Klux Klan","Madison","Indiana","","Ku Klux Klan","Yes","","2019"
"Imperial Klans of America of the Ku Klux Klan","Dawson Springs","Kentucky","","Ku Klux Klan","Yes","","2019"
"International Keystone Knights of the Ku Klux Klan","","Florida","","Ku Klux Klan","","Yes","2019"
"International Keystone Knights of the Ku Klux Klan","","Mississippi","","Ku Klux Klan","","Yes","2019"
"International Keystone Knights of the Ku Klux Klan","","Georgia","","Ku Klux Klan","","Yes","2019"
"Knights of the Ku Klux Klan","Harrison","Arkansas","Knights of the Ku Klux Klan","Ku Klux Klan","Yes","","2019"
"Ku Klos Knights of the Ku Klux Klan","Lawrenceville","Illinois","","Ku Klux Klan","","","2019"
"Loyal White Knights of the Ku Klux Klan","Pelham","North Carolina","","Ku Klux Klan","Yes","","2019"
"Loyal White Knights of the Ku Klux Klan","","Ohio","","Ku Klux Klan","","Yes","2019"
"Loyal White Knights of the Ku Klux Klan","","Maryland","","Ku Klux Klan","","Yes","2019"
"Loyal White Knights of the Ku Klux Klan","","Virginia","","Ku Klux Klan","","Yes","2019"
"Loyal White Knights of the Ku Klux Klan","","New York","","Ku Klux Klan","","Yes","2019"
"Noble Klans of America","","New Jersey","","Ku Klux Klan","","Yes","2019"
"Nordic Order Knights of the Ku Klux Klan","","Indiana","","Ku Klux Klan","","Yes","2019"
"Nordic Order Knights of the Ku Klux Klan","","Kentucky","","Ku Klux Klan","","Yes","2019"
"Pacific Coast Knights of the Ku Klux Klan","","California","","Ku Klux Klan","Yes","Yes","2019"
"Pacific Coast Knights of the Ku Klux Klan","","Oregon","","Ku Klux Klan","","Yes","2019"
"Pacific Coast Knights of the Ku Klux Klan","Alpena","Michigan","","Ku Klux Klan","","","2019"
"Patriotic Brigade Knights of the Ku Klux Klan","Gladewater","Texas","","Ku Klux Klan","Yes","","2019"
"Patriotic Brigade Knights of the Ku Klux Klan","","Oklahoma","","Ku Klux Klan","","Yes","2019"
"Patriotic Brigade Knights of the Ku Klux Klan","","Louisiana","","Ku Klux Klan","","Yes","2019"
"Patriotic Brigade Knights of the Ku Klux Klan","","South Carolina","","Ku Klux Klan","","Yes","2019"
"Rebel Brigade Knights True Invisible Empire","Martinsville","Virginia","","Ku Klux Klan","","","2019"
"Traditionalist American Knights of the Ku Klux Klan","","Florida","","Ku Klux Klan","","Yes","2019"
"United Dixie White Knights of the Ku Klux Klan","","Mississippi","","Ku Klux Klan","Yes","Yes","2019"
"United Klans of America","","Alabama","","Ku Klux Klan","","Yes","2019"
"United Klans of America","Morrison","Tennessee","","Ku Klux Klan","","","2019"
"United Northern and Southern Knights of the Ku Klux Klan","Ellijay","Georgia","","Ku Klux Klan","Yes","","2019"
"White Knights of Texas","DeKalb","Texas","","Ku Klux Klan","Yes","","2019"
"A Voice For Men","Houston","Texas","","Male Supremacy","","","2019"
"Confederate 901","Memphis","Tennessee","","Neo-Confederate","","","2019"
"Dixie Republic","Travelers Rest","South Carolina","","Neo-Confederate","","","2019"
"Heirs to the Confederacy","Asheboro","North Carolina","","Neo-Confederate","","","2019"
"Identity Dixie","","Louisiana","","Neo-Confederate","","Yes","2019"
"Identity Dixie","","Texas","","Neo-Confederate","","Yes","2019"
"Identity Dixie","","Georgia","","Neo-Confederate","","Yes","2019"
"Identity Dixie","","Florida","","Neo-Confederate","","Yes","2019"
"Identity Dixie","","North Carolina","","Neo-Confederate","","Yes","2019"
"Identity Dixie","Cookeville","Tennessee","","Neo-Confederate","","","2019"
"Identity Dixie","Statewide","Virginia","","Neo-Confederate","","","2019"
"League of the South","Killen","Alabama","League of the South","Neo-Confederate","Yes","","2019"
"League of the South","Aragon","Georgia","League of the South","Neo-Confederate","","","2019"
"League of the South","Cartersville","Georgia","League of the South","Neo-Confederate","","","2019"
"League of the South","Danville","Virginia","League of the South","Neo-Confederate","","","2019"
"League of the South","Gallatin","Tennessee","League of the South","Neo-Confederate","","","2019"
"League of the South","Harrison","Arkansas","League of the South","Neo-Confederate","","","2019"
"League of the South","Holly Springs","Mississippi","League of the South","Neo-Confederate","","","2019"
"League of the South","Jacksonville","Florida","League of the South","Neo-Confederate","","","2019"
"League of the South","Knoxville","Tennessee","League of the South","Neo-Confederate","","","2019"
"League of the South","Lake City","Florida","League of the South","Neo-Confederate","","","2019"
"League of the South","McKee","Kentucky","League of the South","Neo-Confederate","","","2019"
"League of the South","Ocala","Florida","League of the South","Neo-Confederate","","","2019"
"League of the South","Panama City","Florida","League of the South","Neo-Confederate","","","2019"
"League of the South","Powder Springs","Georgia","League of the South","Neo-Confederate","","","2019"
"League of the South","Weogufka","Alabama","League of the South","Neo-Confederate","","","2019"
"Southern Revivalism","","North Carolina","","Neo-Confederate","","Yes","2019"
"American Nazi Party","","South Carolina","","Neo-Nazi","","Yes","2019"
"American Nazi Party","","New Hampshire","","Neo-Nazi","","Yes","2019"
"American Nazi Party","","Ohio","","Neo-Nazi","","Yes","2019"
"American Nazi Party","","California","","Neo-Nazi","","Yes","2019"
"Atomwaffen Division","","Colorado","","Neo-Nazi","","Yes","2019"
"Atomwaffen Division","","Maryland","","Neo-Nazi","","Yes","2019"
"Atomwaffen Division","","Virginia","","Neo-Nazi","","Yes","2019"
"Atomwaffen Division","","California","","Neo-Nazi","","Yes","2019"
"Atomwaffen Division","","New Jersey","","Neo-Nazi","","Yes","2019"
"Atomwaffen Division","","Washington","","Neo-Nazi","","Yes","2019"
"Atomwaffen Division","","Florida","","Neo-Nazi","","Yes","2019"
"Atomwaffen Division","","Texas","","Neo-Nazi","","Yes","2019"
"Endangered Souls RC/Crew 519","","Idaho","","Neo-Nazi","","Yes","2019"
"Endangered Souls RC/Crew 519","","Florida","","Neo-Nazi","","Yes","2019"
"Feuerkrieg Division","","Florida","","Neo-Nazi","","Yes","2019"
"Feuerkrieg Division","","Washington","","Neo-Nazi","","Yes","2019"
"Feuerkrieg Division","","New York","","Neo-Nazi","","Yes","2019"
"Feuerkrieg Division","","New Jersey","","Neo-Nazi","","Yes","2019"
"Feuerkrieg Division","","Kansas","","Neo-Nazi","","Yes","2019"
"Feuerkrieg Division","","California","","Neo-Nazi","","Yes","2019"
"Feuerkrieg Division","","Texas","","Neo-Nazi","","Yes","2019"
"Feuerkrieg Division","Philadelphia","Pennsylvania","","Neo-Nazi","","","2019"
"National Alliance","Laurel Bloomery","Tennessee","National Alliance","Neo-Nazi","Yes","","2019"
"National Alliance","","Iowa","National Alliance","Neo-Nazi","","Yes","2019"
"National Alliance","Hillsboro","West Virginia","National Alliance","Neo-Nazi","","","2019"
"National Socialist German Workers Party","Lincoln","Nebraska","","Neo-Nazi","","","2019"
"National Socialist Legion","","Massachusetts","","Neo-Nazi","","Yes","2019"
"National Socialist Liberation Front","","Pennsylvania","","Neo-Nazi","Yes","Yes","2019"
"National Socialist Liberation Front","","Georgia","","Neo-Nazi","","Yes","2019"
"National Socialist Liberation Front","","New York","","Neo-Nazi","","Yes","2019"
"National Socialist Liberation Front","","Alabama","","Neo-Nazi","","Yes","2019"
"National Socialist Movement","Kissimmee","Florida","National Socialist Movement","Neo-Nazi","Yes","","2019"
"National Socialist Movement","","Connecticut","National Socialist Movement","Neo-Nazi","","Yes","2019"
"National Socialist Movement","","Vermont","National Socialist Movement","Neo-Nazi","","Yes","2019"
"National Socialist Movement","","Missouri","National Socialist Movement","Neo-Nazi","","Yes","2019"
"National Socialist Movement","","Tennessee","National Socialist Movement","Neo-Nazi","","Yes","2019"
"National Socialist Movement","","Pennsylvania","National Socialist Movement","Neo-Nazi","","Yes","2019"
"National Socialist Movement","","Kentucky","National Socialist Movement","Neo-Nazi","","Yes","2019"
"National Socialist Movement","","Illinois","National Socialist Movement","Neo-Nazi","","Yes","2019"
"National Socialist Movement","Detroit","Michigan","National Socialist Movement","Neo-Nazi","","","2019"
"National Socialist Movement","Maricopa","Arizona","National Socialist Movement","Neo-Nazi","","","2019"
"New Order","Milwaukee","Wisconsin","","Neo-Nazi","Yes","","2019"
"New Order","","Florida","","Neo-Nazi","","Yes","2019"
"NS Publications","Wyandotte","Michigan","","Neo-Nazi","Yes","","2019"
"PzG Inc.","Rapid City","South Dakota","","Neo-Nazi","","","2019"
"Radio Wehrwolf","","Wisconsin","","Neo-Nazi","Yes","Yes","2019"
"The Daily Stormer","","Ohio","","Neo-Nazi","Yes","Yes","2019"
"The Daily Stormer","","Wisconsin","","Neo-Nazi","","Yes","2019"
"The Daily Stormer","","New Hampshire","","Neo-Nazi","","Yes","2019"
"The Daily Stormer","","New Jersey","","Neo-Nazi","","Yes","2019"
"The Daily Stormer","","Michigan","","Neo-Nazi","","Yes","2019"
"The Daily Stormer","","Washington","","Neo-Nazi","","Yes","2019"
"The Daily Stormer","","Texas","","Neo-Nazi","","Yes","2019"
"The Daily Stormer","","Massachusetts","","Neo-Nazi","","Yes","2019"
"The Daily Stormer","","Alabama","","Neo-Nazi","","Yes","2019"
"The Daily Stormer","","California","","Neo-Nazi","","Yes","2019"
"Third Reich Books","Fairbury","Nebraska","","Neo-Nazi","","","2019"
"Vanguard News Network","Kirksville","Missouri","","Neo-Nazi","Yes","","2019"
"White Aryan Resistance","San Jacinto","California","","Neo-Nazi","Yes","","2019"
"Asatru Folk Assembly","Brownsville","California","","Neo-Volkisch","Yes","","2019"
"Asatru Folk Assembly","","Utah","","Neo-Volkisch","","Yes","2019"
"Asatru Folk Assembly","","Tennessee","","Neo-Volkisch","","Yes","2019"
"Asatru Folk Assembly","","Washington","","Neo-Volkisch","","Yes","2019"
"Asatru Folk Assembly","","Kentucky","","Neo-Volkisch","","Yes","2019"
"Asatru Folk Assembly","","Idaho","","Neo-Volkisch","","Yes","2019"
"Asatru Folk Assembly","","South Carolina","","Neo-Volkisch","","Yes","2019"
"Asatru Folk Assembly","","Florida","","Neo-Volkisch","","Yes","2019"
"Asatru Folk Assembly","","Indiana","","Neo-Volkisch","","Yes","2019"
"Asatru Folk Assembly","","Oregon","","Neo-Volkisch","","Yes","2019"
"Asatru Folk Assembly","","Missouri","","Neo-Volkisch","","Yes","2019"
"Asatru Folk Assembly","","Colorado","","Neo-Volkisch","","Yes","2019"
"Asatru Folk Assembly","","Massachusetts","","Neo-Volkisch","","Yes","2019"
"Asatru Folk Assembly","","Texas","","Neo-Volkisch","","Yes","2019"
"Asatru Folk Assembly","","Virginia","","Neo-Volkisch","","Yes","2019"
"Asatru Folk Assembly","","North Carolina","","Neo-Volkisch","","Yes","2019"
"Asatru Folk Assembly","","Alaska","","Neo-Volkisch","","Yes","2019"
"Asatru Folk Assembly","","Ohio","","Neo-Volkisch","","Yes","2019"
"Asatru Folk Assembly","","Pennsylvania","","Neo-Volkisch","","Yes","2019"
"Asatru Folk Assembly","","Georgia","","Neo-Volkisch","","Yes","2019"
"Asatru Folk Assembly","","North Dakota","","Neo-Volkisch","","Yes","2019"
"Asatru Folk Assembly","Bloomington","Minnesota","","Neo-Volkisch","","","2019"
"Asatru Folk Assembly","Newport","Minnesota","","Neo-Volkisch","","","2019"
"Asatru Folk Assembly","San Diego","California","","Neo-Volkisch","","","2019"
"Asatru Folk Assembly","San Francisco","California","","Neo-Volkisch","","","2019"
"CarolynEmerick.com/Folkright.com","Rochester","New York","","Neo-Volkisch","Yes","","2019"
"Gallows Tree Wotansvolk Alliance","Grand Rapids","Michigan","","Neo-Volkisch","Yes","","2019"
"Odinsvakt Kindred","San Antonio","Texas","","Neo-Volkisch","Yes","","2019"
"Pacific Northwest Wolfpack Kindred","","Washington","","Neo-Volkisch","","Yes","2019"
"The Heathen Coalition","Milwaukee","Wisconsin","","Neo-Volkisch","Yes","","2019"
"Ulfur Hrafn Kindred","Canyon Lake","Texas","","Neo-Volkisch","Yes","","2019"
"Viking Brotherhood","","California","","Neo-Volkisch","Yes","Yes","2019"
"Woden's Folk Kindred","Waxahachie","Texas","","Neo-Volkisch","Yes","","2019"
"Wolf Age","Grass Valley","California","","Neo-Volkisch","Yes","","2019"
"Wolves of Vinland","Lynchburg","Virginia","","Neo-Volkisch","Yes","","2019"
"Wolves of Vinland","","Alabama","","Neo-Volkisch","","Yes","2019"
"Wolves of Vinland","","Pennsylvania","","Neo-Volkisch","","Yes","2019"
"Wolves of Vinland","","Florida","","Neo-Volkisch","","Yes","2019"
"Wolves of Vinland","","South Carolina","","Neo-Volkisch","","Yes","2019"
"Wolves of Vinland","","Tennessee","","Neo-Volkisch","","Yes","2019"
"Wolves of Vinland","","Washington","","Neo-Volkisch","","Yes","2019"
"Wotan's Nation","Decatur","Tennessee","","Neo-Volkisch","Yes","","2019"
"Wotan's Nation","","Arizona","","Neo-Volkisch","","Yes","2019"
"Wotan's Nation","","Mississippi","","Neo-Volkisch","","Yes","2019"
"Wotan's Nation","","Pennsylvania","","Neo-Volkisch","","Yes","2019"
"AC Skins","Atlantic City","New Jersey","","Racist Skinhead","Yes","","2019"
"AC Skins","","California","","Racist Skinhead","","Yes","2019"
"AC Skins","","Nebraska","","Racist Skinhead","","Yes","2019"
"American Defense Skinheads","","Illinois","","Racist Skinhead","","Yes","2019"
"American Defense Skinheads","","Pennsylvania","","Racist Skinhead","","Yes","2019"
"American Front","","Montana","","Racist Skinhead","","Yes","2019"
"American Front","","California","","Racist Skinhead","","Yes","2019"
"American Front","","Oregon","","Racist Skinhead","","Yes","2019"
"Be Active Front USA","","Maryland","","Racist Skinhead","","Yes","2019"
"Be Active Front USA","Philadelphia","Pennsylvania","","Racist Skinhead","","","2019"
"Blood and Honour Social Club","","North Carolina","Blood & Honour","Racist Skinhead","Yes","Yes","2019"
"Blood and Honour Social Club","","Missouri","Blood & Honour","Racist Skinhead","","Yes","2019"
"Blood and Honour Social Club","","Virginia","Blood & Honour","Racist Skinhead","","Yes","2019"
"Blood and Honour Social Club","","Michigan","Blood & Honour","Racist Skinhead","","Yes","2019"
"Blood and Honour Social Club","","Ohio","Blood & Honour","Racist Skinhead","","Yes","2019"
"Blood and Honour Social Club","","Indiana","Blood & Honour","Racist Skinhead","","Yes","2019"
"Blood and Honour Social Club","","New York","Blood & Honour","Racist Skinhead","","Yes","2019"
"Blood and Honour Social Club","","Pennsylvania","Blood & Honour","Racist Skinhead","","Yes","2019"
"Blood and Honour USA","","Virginia","Blood & Honour","Racist Skinhead","","Yes","2019"
"Blood and Honour USA","","North Carolina","Blood & Honour","Racist Skinhead","","Yes","2019"
"Confederate Hammerskins","","North Carolina","","Racist Skinhead","","Yes","2019"
"Crew 38","","California","","Racist Skinhead","","Yes","2019"
"Crew 38","","Washington","","Racist Skinhead","","Yes","2019"
"Crew 38","","North Carolina","","Racist Skinhead","","Yes","2019"
"Crew 38","","Oregon","","Racist Skinhead","","Yes","2019"
"Crew 38","","Virginia","","Racist Skinhead","","Yes","2019"
"Firm 22","","Arizona","","Racist Skinhead","","Yes","2019"
"Firm 22","","Virginia","","Racist Skinhead","","Yes","2019"
"Firm 22","","New Jersey","","Racist Skinhead","","Yes","2019"
"Firm 22","","Missouri","","Racist Skinhead","","Yes","2019"
"Firm 22","","Florida","","Racist Skinhead","","Yes","2019"
"Firm 22","","Indiana","","Racist Skinhead","","Yes","2019"
"Golden State Skinheads","Northern","California","","Racist Skinhead","Yes","","2019"
"Golden State Skinheads","Southern","California","","Racist Skinhead","","","2019"
"Keystone State Skinheads","","Pennsylvania","","Racist Skinhead","","Yes","2019"
"Midland Hammerskins","","Texas","","Racist Skinhead","","Yes","2019"
"Northwest Hammerskins","","Washington","","Racist Skinhead","","Yes","2019"
"Northwest Hammerskins","","Oregon","","Racist Skinhead","","Yes","2019"
"United Skinhead Nation","","Minnesota","","Racist Skinhead","","Yes","2019"
"United Skinhead Nation","","Tennessee","","Racist Skinhead","","Yes","2019"
"United Skinhead Nation","","Florida","","Racist Skinhead","","Yes","2019"
"Vinlanders Social Club","","New York","Vinlanders Social Club","Racist Skinhead","","Yes","2019"
"Vinlanders Social Club","","Washington","Vinlanders Social Club","Racist Skinhead","","Yes","2019"
"Vinlanders Social Club","","Texas","Vinlanders Social Club","Racist Skinhead","","Yes","2019"
"Vinlanders Social Club","","Minnesota","Vinlanders Social Club","Racist Skinhead","","Yes","2019"
"Vinlanders Social Club","","Florida","Vinlanders Social Club","Racist Skinhead","","Yes","2019"
"Vinlanders Social Club","","Indiana","Vinlanders Social Club","Racist Skinhead","","Yes","2019"
"Western Hammerskins","","California","","Racist Skinhead","","Yes","2019"
"Catholic Apologetics International","Greencastle","Pennsylvania","","Radical Traditional Catholicism","Yes","","2019"
"Catholic Family News/Catholic Family Ministries, Inc.","Niagara Falls","New York","","Radical Traditional Catholicism","","","2019"
"Christ or Chaos","West Chester","Ohio","","Radical Traditional Catholicism","","","2019"
"Culture Wars/Fidelity Press","South Bend","Indiana","","Radical Traditional Catholicism","","","2019"
"IHS Press","Norfolk","Virginia","","Radical Traditional Catholicism","","","2019"
"In the Spirit of Chartres Committee","Glenelg","Maryland","","Radical Traditional Catholicism","","","2019"
"Slaves of the Immaculate Heart of Mary","Still River","Massachusetts","","Radical Traditional Catholicism","","","2019"
"The Fatima Crusader/International Fatima Rosary Crusade","Buffalo","New York","","Radical Traditional Catholicism","","","2019"
"The Remnant/The Remnant Press","Forest Lake","Minnesota","","Radical Traditional Catholicism","","","2019"
"Tradition in Action","Los Angeles","California","","Radical Traditional Catholicism","","","2019"
"Affirmative Right","Atlanta","Georgia","","White Nationalist","Yes","","2019"
"American Freedom Party","Los Angeles","California","American Freedom Party","White Nationalist","Yes","","2019"
"American Freedom Party","","New York","American Freedom Party","White Nationalist","","Yes","2019"
"American Freedom Party","","North Dakota","American Freedom Party","White Nationalist","","Yes","2019"
"American Freedom Party","","Wisconsin","American Freedom Party","White Nationalist","","Yes","2019"
"American Freedom Party","Bradenton","Florida","American Freedom Party","White Nationalist","","","2019"
"American Freedom Party","Granbury","Texas","American Freedom Party","White Nationalist","","","2019"
"American Freedom Party","Lakewood Ranch","Florida","American Freedom Party","White Nationalist","","","2019"
"American Freedom Party","New York","New York","American Freedom Party","White Nationalist","","","2019"
"American Freedom Union","Hampton Township","Pennsylvania","","White Nationalist","","","2019"
"American Identity Movement","Harpers Ferry","West Virginia","","White Nationalist","Yes","","2019"
"American Identity Movement","","Missouri","","White Nationalist","","Yes","2019"
"American Identity Movement","","South Dakota","","White Nationalist","","Yes","2019"
"American Identity Movement","","Wyoming","","White Nationalist","","Yes","2019"
"American Identity Movement","","Wisconsin","","White Nationalist","","Yes","2019"
"American Identity Movement","","Montana","","White Nationalist","","Yes","2019"
"American Identity Movement","","Indiana","","White Nationalist","","Yes","2019"
"American Identity Movement","","Oklahoma","","White Nationalist","","Yes","2019"
"American Identity Movement","","Ohio","","White Nationalist","","Yes","2019"
"American Identity Movement","","Kentucky","","White Nationalist","","Yes","2019"
"American Identity Movement","","Connecticut","","White Nationalist","","Yes","2019"
"American Identity Movement","","Arizona","","White Nationalist","","Yes","2019"
"American Identity Movement","","Minnesota","","White Nationalist","","Yes","2019"
"American Identity Movement","","Oregon","","White Nationalist","","Yes","2019"
"American Identity Movement","","North Carolina","","White Nationalist","","Yes","2019"
"American Identity Movement","","Georgia","","White Nationalist","","Yes","2019"
"American Identity Movement","","Florida","","White Nationalist","","Yes","2019"
"American Identity Movement","","Michigan","","White Nationalist","","Yes","2019"
"American Identity Movement","","New Jersey","","White Nationalist","","Yes","2019"
"American Identity Movement","","Tennessee","","White Nationalist","","Yes","2019"
"American Identity Movement","","New York","","White Nationalist","","Yes","2019"
"American Identity Movement","","Maryland","","White Nationalist","","Yes","2019"
"American Identity Movement","","Pennsylvania","","White Nationalist","","Yes","2019"
"American Identity Movement","Alexandria","Virginia","","White Nationalist","","","2019"
"American Identity Movement","Baton Rouge","Louisiana","","White Nationalist","","","2019"
"American Identity Movement","Berkeley","California","","White Nationalist","","","2019"
"American Identity Movement","Boulder","Colorado","","White Nationalist","","","2019"
"American Identity Movement","Bozeman","Montana","","White Nationalist","","","2019"
"American Identity Movement","Chicago","Illinois","","White Nationalist","","","2019"
"American Identity Movement","Colorado Springs","Colorado","","White Nationalist","","","2019"
"American Identity Movement","Dallas","Texas","","White Nationalist","","","2019"
"American Identity Movement","Denver","Colorado","","White Nationalist","","","2019"
"American Identity Movement","Los Angeles","California","","White Nationalist","","","2019"
"American Identity Movement","New Orleans","Louisiana","","White Nationalist","","","2019"
"American Identity Movement","Sacramento","California","","White Nationalist","","","2019"
"American Identity Movement","Salt Lake City","Utah","","White Nationalist","","","2019"
"American Identity Movement","San Luis Obispo","California","","White Nationalist","","","2019"
"American Identity Movement","Seattle","Washington","","White Nationalist","","","2019"
"American Identity Movement","Washington","District of Columbia","","White Nationalist","","","2019"
"American Patriots USA","Dahlonega","Georgia","","White Nationalist","Yes","","2019"
"American Renaissance/New Century Foundation","Oakton","Virginia","American Renaissance","White Nationalist","","","2019"
"Arktos Media","New York","New York","","White Nationalist","Yes","","2019"
"Blood River Radio","Bartlett","Tennessee","","White Nationalist","","","2019"
"Council of Conservative Citizens","Blackwell","Missouri","Council of Conservative Citizens","White Nationalist","Yes","","2019"
"Counter-Currents Publishing","San Francisco","California","","White Nationalist","Yes","","2019"
"Counter-Currents Publishing","Seattle","Washington","","White Nationalist","","","2019"
"Cursus Honorum Foundation","Austin","Texas","","White Nationalist","","","2019"
"Exodus/Americanus","Floyds Knobs","Indiana","","White Nationalist","Yes","","2019"
"Faith and Heritage","Killeen","Texas","","White Nationalist","","","2019"
"Fight White Genocide","Cayce","South Carolina","","White Nationalist","","","2019"
"Forza Nuova","Trenton","New Jersey","","White Nationalist","Yes","","2019"
"H.L. Mencken Club","Elizabethtown","Pennsylvania","","White Nationalist","","","2019"
"Legion of St. Ambrose","Knoxville","Tennessee","","White Nationalist","","","2019"
"National Assembly","","Virginia","","White Nationalist","","Yes","2019"
"National Policy Institute","Alexandria","Virginia","","White Nationalist","","","2019"
"New Jersey European Heritage Association","","New Jersey","","White Nationalist","","Yes","2019"
"Northwest Front","Bremerton","Washington","","White Nationalist","Yes","","2019"
"Occidental Dissent","Eufaula","Alabama","","White Nationalist","","","2019"
"Occidental Observer","Laguna Hills","California","","White Nationalist","","","2019"
"Occidental Quarterly/Charles Martel Society","Atlanta","Georgia","Occidental Quarterly","White Nationalist","","","2019"
"Our Fight Clothing","","California","","White Nationalist","","Yes","2019"
"Patriot Front","","Texas","","White Nationalist","Yes","Yes","2019"
"Patriot Front","","Oregon","","White Nationalist","","Yes","2019"
"Patriot Front","","West Virginia","","White Nationalist","","Yes","2019"
"Patriot Front","","South Carolina","","White Nationalist","","Yes","2019"
"Patriot Front","","Rhode Island","","White Nationalist","","Yes","2019"
"Patriot Front","","Ohio","","White Nationalist","","Yes","2019"
"Patriot Front","","New Jersey","","White Nationalist","","Yes","2019"
"Patriot Front","","Nevada","","White Nationalist","","Yes","2019"
"Patriot Front","","Nebraska","","White Nationalist","","Yes","2019"
"Patriot Front","","Missouri","","White Nationalist","","Yes","2019"
"Patriot Front","","Maine","","White Nationalist","","Yes","2019"
"Patriot Front","","Kentucky","","White Nationalist","","Yes","2019"
"Patriot Front","","Iowa","","White Nationalist","","Yes","2019"
"Patriot Front","","Indiana","","White Nationalist","","Yes","2019"
"Patriot Front","","Arkansas","","White Nationalist","","Yes","2019"
"Patriot Front","","Arizona","","White Nationalist","","Yes","2019"
"Patriot Front","","Wisconsin","","White Nationalist","","Yes","2019"
"Patriot Front","","Connecticut","","White Nationalist","","Yes","2019"
"Patriot Front","","New Hampshire","","White Nationalist","","Yes","2019"
"Patriot Front","","Tennessee","","White Nationalist","","Yes","2019"
"Patriot Front","","North Carolina","","White Nationalist","","Yes","2019"
"Patriot Front","","Louisiana","","White Nationalist","","Yes","2019"
"Patriot Front","","Oklahoma","","White Nationalist","","Yes","2019"
"Patriot Front","","Pennsylvania","","White Nationalist","","Yes","2019"
"Patriot Front","","Minnesota","","White Nationalist","","Yes","2019"
"Patriot Front","","Maryland","","White Nationalist","","Yes","2019"
"Patriot Front","","Colorado","","White Nationalist","","Yes","2019"
"Patriot Front","","Virginia","","White Nationalist","","Yes","2019"
"Patriot Front","","Vermont","","White Nationalist","","Yes","2019"
"Patriot Front","","Utah","","White Nationalist","","Yes","2019"
"Patriot Front","","New York","","White Nationalist","","Yes","2019"
"Patriot Front","","Michigan","","White Nationalist","","Yes","2019"
"Patriot Front","","Massachusetts","","White Nationalist","","Yes","2019"
"Patriot Front","","Florida","","White Nationalist","","Yes","2019"
"Patriot Front","","Georgia","","White Nationalist","","Yes","2019"
"Patriot Front","","Illinois","","White Nationalist","","Yes","2019"
"Patriot Front","","Washington","","White Nationalist","","Yes","2019"
"Patriot Front","","California","","White Nationalist","","Yes","2019"
"Patriot Front","Washington","District of Columbia","","White Nationalist","","","2019"
"Patriotic Flags","Summerville","South Carolina","","White Nationalist","","","2019"
"Pioneer Little Europe Kalispell Montana","Kalispell","Montana","","White Nationalist","","","2019"
"Racial Nationalist Party of America","Lockport","New York","","White Nationalist","","","2019"
"Radix Journal","Alexandria","Virginia","","White Nationalist","","","2019"
"Real Republic of Florida","Tallahassee","Florida","","White Nationalist","Yes","","2019"
"Red Ice","Harrisonburg","Virginia","","White Nationalist","Yes","","2019"
"Renaissance Horizon","Summerville","South Carolina","","White Nationalist","Yes","","2019"
"Right Brand Clothing","Anaheim","California","","White Nationalist","Yes","","2019"
"Rise Above Movement","Huntington Beach","California","","White Nationalist","Yes","","2019"
"Scott-Townsend Publishers","Washington","District of Columbia","","White Nationalist","","","2019"
"Shieldwall Network","Mountain View","Arkansas","","White Nationalist","Yes","","2019"
"Shieldwall Network","Knoxville","Tennessee","","White Nationalist","","","2019"
"Social Contract Press","Petoskey","Michigan","","White Nationalist","","","2019"
"Stormfront","West Palm Beach","Florida","Stormfront","White Nationalist","","","2019"
"The Base","","New Jersey","","White Nationalist","","Yes","2019"
"The Base","","Massachusetts","","White Nationalist","","Yes","2019"
"The Base","","Wisconsin","","White Nationalist","","Yes","2019"
"The Base","","Michigan","","White Nationalist","","Yes","2019"
"The Base","","Washington","","White Nationalist","","Yes","2019"
"The Base","Los Angeles","California","","White Nationalist","","","2019"
"The Base","New York","New York","","White Nationalist","","","2019"
"The Base","Rome","Georgia","","White Nationalist","","","2019"
"The Colchester Collection","Machias","Maine","","White Nationalist","","","2019"
"The Fitzgerald Griffin Foundation","Vienna","Virginia","","White Nationalist","","","2019"
"The Foundry","New Carlisle","Ohio","","White Nationalist","Yes","","2019"
"The Foundry","Paoli","Indiana","","White Nationalist","","","2019"
"The Political Cesspool","Bartlett","Tennessee","","White Nationalist","Yes","","2019"
"The Right Stuff","Hopewell Junction","New York","","White Nationalist","Yes","","2019"
"The Right Stuff","","South Dakota","","White Nationalist","","Yes","2019"
"The Right Stuff","","Wisconsin","","White Nationalist","","Yes","2019"
"The Right Stuff","","Colorado","","White Nationalist","","Yes","2019"
"The Right Stuff","","North Carolina","","White Nationalist","","Yes","2019"
"The Right Stuff","","Alabama","","White Nationalist","","Yes","2019"
"The Right Stuff","","Minnesota","","White Nationalist","","Yes","2019"
"The Right Stuff","","Florida","","White Nationalist","","Yes","2019"
"The Right Stuff","","Pennsylvania","","White Nationalist","","Yes","2019"
"The Right Stuff","Las Vegas","Nevada","","White Nationalist","","","2019"
"The Right Stuff","Los Angeles","California","","White Nationalist","","","2019"
"The Right Stuff","Memphis","Tennessee","","White Nationalist","","","2019"
"The Right Stuff","Washington","District of Columbia","","White Nationalist","","","2019"
"Tribal Theocrat","Plano","Texas","","White Nationalist","","","2019"
"Vandal Brothers, LLC","Bath","Ohio","","White Nationalist","Yes","","2019"
"VDARE Foundation","Warrenton","Virginia","VDARE","White Nationalist","Yes","","2019"
"Washington Summit Publishers","Alexandria","Virginia","","White Nationalist","Yes","","2019"
"White Rabbit Radio","Dearborn Heights","Michigan","","White Nationalist","","","2019"
